id,DisplayName,Reputation
"313","caryden","5055"
"314","Uberfuzzy","3198"
"315","Tokabi","966"
"316","Daniel F. Hanson","4543"
"317","Joseph Sturtevant","8031"
"318","karlgrz","4755"
"319","Binarytales","1797"
"320","Brian","18186"
"322","Chris Smith","8762"
"323","dibson","151"
"324","adeel825","1839"
"326","Ian Robinson","12301"
"327","Luke","7876"
"328","fastcall","1044"
"331","jasonjwwilliams","1184"
"332","Wedge","14067"
"333","Edward Luong","138"
"337","Larsenal","21969"
"338","Frank Krueger","33991"
"339","reconbot","2091"
"340","Anton","4858"
"341","Christian Lescuyer","11250"
"342","graham.reeds","10467"
"343","Jon Tackabury","14162"
"346","dwj","2174"
"349","Edo","1027"
"350","csmba","2861"
"352","user352","389"
"353","HokeyWhiteBoy","49"
"354","schmidty","1133"
"355","henrym","2045"
"356","Dinah","19749"
"357","Seibar","22260"
"358","Wolfbyte","15381"
"359","CTKeane","564"
"360","Stephen Pellicer","958"
"361","stimms","18242"
"362","agweber","494"
"363","Patrick Johnmeyer","9420"
"364","Matt Mitchell","19854"
"366","littlecharva","1818"
"369","Blorgbeard","54380"
"370","DShook","6848"
"371","Dave Anderson","6826"
"372","Jon Limjap","58507"
"373","urini","12046"
"375","Danny Whitt","909"
"376","davewasthere","2433"
"377","ZombieSheep","22211"
"378","Krishna Gopalakrishnan","417"
"379","geocoin","603"
"380","Vaibhav","7928"
"381","David","7887"
"382","skfd","1020"
"383","GateKiller","24875"
"384","Adhip Gupta","3540"
"389","jake","1075"
"390","Antonio Haley","3098"
"391","Paul","750"
"392","Dan Herbert","50072"
"394","PabloG","13230"
"395","qrush","758"
"396","Bryan Denny","15988"
"398","Tarks","1893"
"399","titanous","2131"
"400","dustinupdyke","347"
"402","Steve Willard","8980"
"403","elgrego","302"
"404","Chris Farmer","12234"
"406","Mark Norgren","972"
"407","Grant","190"
"409","Brian Deacon","6191"
"410","cynicalman","4707"
"411","Calvin Allen","2259"
"412","somas1","673"
"414","Stu","9926"
"415","Steve Tranby","4656"
"416","Daniel","526"
"417","y0mbo","2600"
"418","dsteinweg","806"
"419","Kev","77223"
"420","Alex","1739"
"422","Chris Bunch","38047"
"423","bcwood","3937"
"424","Friend Of George","394"
"425","Owen","3380"
"426","boost","3603"
"428","Sam","2356"
"429","Patrick","31062"
"430","jj33","4482"
"431","Mario Marinato -br-","3389"
"432","andrewrk","9073"
"434","Nathan Bedford","4405"
"435","TiTi","203"
"437","Patrick McElhaney","27364"
"438","jdelator","1507"
"439","KP.","1292"
"440","PixelRobot","55"
"441","Peter Hession","216"
"443","PaulStock","6234"